{"test": 1.0, "_timestamp": 1660131081.6617181, "_runtime": 35.81406617164612, "_step": 0, "_wandb": {"runtime": 40}}